{"properties": [
  {
    "name": "renewal.scheduler.cron",
    "type": "java.lang.String",
    "description": "A description for 'renewal.scheduler.cron'"
  },
  {
    "name": "export",
    "type": "java.lang.String",
    "description": "A description for 'export'"
  },
  {
    "name": "SCHEDULER_RATE",
    "type": "java.lang.String",
    "description": "A description for 'SCHEDULER_RATE'"
  },
  {
    "name": "SCHEDULER_RATE",
    "type": "java.lang.String",
    "description": "A description for 'SCHEDULER_RATE'"
  },
  {
    "name": "batch_size_for_processing",
    "type": "java.lang.String",
    "description": "A description for 'batch_size_for_processing'"
  },
  {
    "name": "SCHEDULER_RATE",
    "type": "java.lang.String",
    "description": "A description for 'SCHEDULER_RATE'"
  },
  {
    "name": "SCHEDULER_RATE",
    "type": "java.lang.String",
    "description": "A description for 'SCHEDULER_RATE'"
  }
]}